Date,Close/Last,Volume,Open,High,Low
02/27/2026,$10.03,41512,$10.27,$10.28,$9.93
02/26/2026,$10.27,24609,$10.07,$10.28,$10.06
02/25/2026,$10.06,31988,$10.02,$10.11,$9.96
02/24/2026,$10.02,32208,$9.83,$10.11,$9.83
02/23/2026,$9.81,98418,$9.96,$10.14,$9.76
02/20/2026,$9.96,47795,$10.01,$10.27,$9.96
02/19/2026,$9.97,65719,$10.10,$10.225,$9.96
02/18/2026,$10.15,30837,$10.11,$10.3047,$10.11
02/17/2026,$10.15,32919,$10.23,$10.33,$10.15
02/13/2026,$10.25,25100,$10.30,$10.34,$10.15
02/12/2026,$10.21,42989,$10.28,$10.35,$10.185
02/11/2026,$10.17,42085,$10.16,$10.42,$10.12
02/10/2026,$10.23,66136,$10.22,$10.40,$10.1101
02/09/2026,$10.29,174966,$10.10,$10.43,$10.08
02/06/2026,$10.11,93334,$10.29,$10.4038,$10.04
02/05/2026,$10.21,66681,$10.20,$10.46,$10.20
02/04/2026,$10.20,25018,$10.21,$10.41,$10.20
02/03/2026,$10.25,93133,$10.27,$10.33,$10.11
02/02/2026,$10.30,77050,$10.42,$10.51,$10.27
01/30/2026,$10.49,78640,$10.53,$10.76,$10.43
01/29/2026,$10.55,56428,$10.64,$10.75,$10.51
01/28/2026,$10.71,85811,$10.60,$10.77,$10.55
01/27/2026,$10.57,27739,$10.66,$10.709,$10.52
01/26/2026,$10.59,73597,$10.78,$10.90,$10.45
01/23/2026,$10.70,123770,$10.61,$10.7399,$10.44
01/22/2026,$10.50,88584,$10.59,$10.7462,$10.43
01/21/2026,$10.50,770900,$10.56,$10.86,$9.58
01/20/2026,$10.65,102191,$10.42,$10.81,$10.42
01/16/2026,$10.42,77303,$10.80,$10.95,$10.41
01/15/2026,$10.91,50181,$10.79,$11.16,$10.6141
01/14/2026,$10.79,42304,$10.45,$10.85,$10.43
01/13/2026,$10.47,63558,$10.60,$10.66,$10.39
01/12/2026,$10.65,82320,$10.44,$10.65,$10.39
01/09/2026,$10.37,59388,$10.41,$10.4999,$10.17
01/08/2026,$10.35,47458,$10.28,$10.415,$10.28
01/07/2026,$10.35,51602,$10.50,$10.51,$10.26
01/06/2026,$10.49,54750,$10.46,$10.49,$10.366
01/05/2026,$10.405,75604,$10.44,$10.49,$10.30
01/02/2026,$10.35,34132,$10.42,$10.455,$10.275
12/31/2025,$10.33,50471,$10.48,$10.48,$10.21
12/30/2025,$10.50,33067,$10.71,$10.73,$10.50
12/29/2025,$10.64,78871,$10.54,$10.74,$10.50
12/26/2025,$10.61,19393,$10.60,$10.73,$10.546
12/24/2025,$10.48,47447,$10.37,$10.596,$10.37
12/23/2025,$10.44,32455,$10.42,$10.6499,$10.2101
12/22/2025,$10.48,68878,$10.32,$10.705,$10.2701
12/19/2025,$10.62,42157,$10.88,$11.0531,$10.60
12/18/2025,$10.86,20607,$10.84,$11.20,$10.7659
12/17/2025,$10.93,39147,$11.08,$11.10,$10.93
12/16/2025,$10.98,30767,$10.93,$11.11,$10.91
12/15/2025,$10.94,106987,$11.08,$11.26,$10.9301
12/12/2025,$10.93,112717,$10.78,$11.095,$10.706
12/11/2025,$10.66,30317,$10.582,$10.6999,$10.582
12/10/2025,$10.625,21496,$10.73,$10.73,$10.62
12/09/2025,$10.64,21287,$10.76,$10.81,$10.57
12/08/2025,$10.69,22956,$10.77,$10.77,$10.6211
12/05/2025,$10.68,19417,$10.67,$10.89,$10.575
12/04/2025,$10.59,24133,$10.88,$10.88,$10.50
12/03/2025,$10.77,66201,$11.27,$11.27,$10.20
12/02/2025,$11.22,37244,$11.13,$11.22,$11.01
12/01/2025,$11.08,53270,$11.00,$11.14,$10.92
11/28/2025,$11.03,50377,$10.93,$11.03,$10.87
11/26/2025,$10.90,16078,$10.90,$10.93,$10.765
11/25/2025,$10.90,19036,$10.89,$10.93,$10.70
11/24/2025,$10.83,34523,$10.65,$10.92,$10.5038
11/21/2025,$10.60,21845,$10.62,$10.66,$10.54
11/20/2025,$10.64,19437,$10.46,$10.64,$10.46
11/19/2025,$10.54,76683,$10.45,$10.6299,$10.0001
11/18/2025,$10.54,80249,$10.35,$10.66,$9.85
11/17/2025,$10.26,29732,$10.33,$10.33,$10.156
11/14/2025,$10.19,11208,$10.13,$10.25,$10.11
11/13/2025,$10.35,10983,$10.18,$10.36,$10.18
11/12/2025,$10.04,18760,$10.05,$10.2398,$10.04
11/11/2025,$10.114,8596,$10.15,$10.15,$10.0001
11/10/2025,$10.13,17811,$10.08,$10.16,$10.02
11/07/2025,$10.08,42450,$10.25,$10.25,$9.95
11/06/2025,$10.08,34220,$10.20,$10.47,$10.08
11/05/2025,$10.25,4473,$10.3485,$10.3485,$10.20
11/04/2025,$10.23,13180,$10.235,$10.34,$10.20
11/03/2025,$10.205,21814,$10.31,$10.31,$10.14
10/31/2025,$10.215,50822,$10.25,$10.31,$10.0701
10/30/2025,$10.30,35100,$10.23,$10.3382,$10.16
10/29/2025,$10.10,22405,$10.25,$10.2977,$10.10
10/28/2025,$10.22,28713,$10.25,$10.43,$10.1001
10/27/2025,$10.34,8621,$10.26,$10.35,$10.25
10/24/2025,$10.33,4965,$10.35,$10.45,$10.33
10/23/2025,$10.29,21734,$10.23,$10.35,$10.145
10/22/2025,$10.235,14069,$10.25,$10.28,$10.18
10/21/2025,$10.15,11183,$10.06,$10.275,$10.06
10/20/2025,$10.10,23639,$10.03,$10.12,$9.99
10/17/2025,$10.03,7185,$10.19,$10.30,$10.03
10/16/2025,$10.13,40718,$10.40,$10.45,$10.08
10/15/2025,$10.34,20294,$10.23,$10.455,$10.125
10/14/2025,$10.195,31950,$10.04,$10.375,$10.02
10/13/2025,$10.12,9415,$10.17,$10.405,$10.12
10/10/2025,$10.23,62926,$10.21,$10.565,$10.16
10/09/2025,$10.38,42826,$10.54,$10.80,$10.38
10/08/2025,$10.61,21669,$10.51,$10.70,$10.51
10/07/2025,$10.60,58308,$10.616,$10.73,$10.33
10/06/2025,$10.34,45547,$10.46,$10.545,$10.3301
10/03/2025,$10.50,38913,$10.35,$10.7699,$10.35
10/02/2025,$10.42,196247,$10.68,$10.74,$10.02
10/01/2025,$10.67,7159,$10.47,$10.85,$10.47
09/30/2025,$10.50,36319,$10.91,$10.91,$10.47
09/29/2025,$10.98,93487,$10.54,$11.15,$10.54
09/26/2025,$11.065,64609,$11.02,$11.225,$11.02
09/25/2025,$11.01,70595,$10.92,$11.1835,$10.90
09/24/2025,$11.085,19379,$11.09,$11.1882,$11.00
09/23/2025,$11.09,52775,$11.05,$11.1652,$10.91
09/22/2025,$11.05,68298,$10.97,$11.17,$10.86
09/19/2025,$10.82,288341,$11.13,$11.44,$10.82
09/18/2025,$11.123,83793,$10.99,$11.13,$10.8211
09/17/2025,$10.95,69671,$11.03,$11.04,$10.90
09/16/2025,$11.00,59537,$10.98,$11.04,$10.7503
09/15/2025,$10.98,45470,$10.97,$11.0396,$10.60
09/12/2025,$10.57,47486,$10.96,$10.98,$10.54
09/11/2025,$10.94,35143,$10.65,$11.00,$10.65
09/10/2025,$10.58,57618,$10.88,$10.915,$10.5001
09/09/2025,$10.99,26503,$10.66,$10.99,$10.66
09/08/2025,$10.77,67411,$10.92,$11.025,$10.71
09/05/2025,$10.77,13811,$10.85,$10.93,$10.74
09/04/2025,$10.865,18329,$10.845,$10.865,$10.74
09/03/2025,$10.74,49292,$10.98,$10.98,$10.67
09/02/2025,$10.99,36576,$11.01,$11.03,$10.9327
08/29/2025,$11.01,96476,$10.85,$11.0299,$10.8201
08/28/2025,$10.90,58190,$11.03,$11.03,$10.79
08/27/2025,$11.02,22700,$10.91,$11.04,$10.82
08/26/2025,$11.02,25243,$10.92,$11.04,$10.80
08/25/2025,$10.92,20211,$10.98,$10.98,$10.77
08/22/2025,$10.87,21964,$10.85,$10.9518,$10.76
08/21/2025,$10.73,4665,$10.92,$10.98,$10.73
08/20/2025,$10.87,10875,$10.87,$10.99,$10.72
08/19/2025,$10.87,20429,$10.87,$10.9769,$10.83
08/18/2025,$10.97,23587,$11.04,$11.0689,$10.6659
08/15/2025,$11.00,78113,$10.44,$11.00,$10.33
08/14/2025,$10.44,45364,$10.14,$10.54,$10.13
08/13/2025,$10.41,40663,$10.26,$10.47,$10.215
08/12/2025,$10.28,12531,$10.35,$10.40,$10.19
08/11/2025,$10.33,22754,$10.13,$10.41,$10.12
08/08/2025,$10.27,20712,$10.125,$10.34,$10.10
08/07/2025,$10.12,5630,$10.16,$10.18,$10.11
08/06/2025,$10.17,6536,$10.17,$10.258,$10.15
08/05/2025,$10.22,43642,$10.15,$10.3824,$10.15
08/04/2025,$10.15,23334,$10.285,$10.305,$10.15
08/01/2025,$10.17,7150,$10.10,$10.30,$10.10
07/31/2025,$10.15,18086,$10.28,$10.284,$10.10
07/30/2025,$10.23,25825,$10.40,$10.40,$10.11
07/29/2025,$10.24,28827,$10.30,$10.44,$10.12
07/28/2025,$10.25,37987,$10.30,$10.45,$10.23
07/25/2025,$10.28,34031,$10.31,$10.45,$10.24
07/24/2025,$10.31,21542,$10.40,$10.40,$10.30
07/23/2025,$10.40,20110,$10.51,$10.55,$10.374
07/22/2025,$10.63,39799,$10.51,$10.63,$10.30
07/21/2025,$10.41,29395,$10.27,$10.45,$10.27
07/18/2025,$10.40,23981,$10.35,$10.4798,$10.29
07/17/2025,$10.46,15555,$10.48,$10.50,$10.405
07/16/2025,$10.475,23223,$10.37,$10.50,$10.37
07/15/2025,$10.565,49614,$10.51,$10.65,$10.36
07/14/2025,$10.51,15888,$10.75,$10.86,$10.50
07/11/2025,$10.7119,19354,$10.8899,$10.93,$10.5401
07/10/2025,$10.85,17204,$10.58,$10.89,$10.5777
07/09/2025,$10.5401,14842,$10.71,$10.8242,$10.5401
07/08/2025,$10.861,41877,$10.56,$10.8845,$10.3111
07/07/2025,$10.74,50860,$10.22,$10.79,$10.22
07/03/2025,$10.22,15276,$10.12,$10.33,$10.11
07/02/2025,$10.22,86065,$10.33,$10.53,$10.022
07/01/2025,$10.34,39359,$10.44,$10.5824,$10.265
06/30/2025,$10.35,76929,$10.11,$10.40,$10.10
06/27/2025,$10.10,131486,$10.38,$10.6667,$9.79
06/26/2025,$10.94,317007,$10.20,$11.17,$10.16
06/25/2025,$10.12,36365,$9.83,$10.15,$9.83
06/24/2025,$10.00,62649,$9.91,$10.14,$9.8111
06/23/2025,$9.95,30798,$9.79,$10.0149,$9.79
06/20/2025,$9.71,126347,$10.09,$10.29,$9.71
06/18/2025,$10.05,30177,$10.05,$10.11,$9.92
06/17/2025,$9.99,46079,$10.00,$10.05,$9.92
06/16/2025,$9.95,28080,$9.95,$10.05,$9.86
06/13/2025,$9.98,28543,$10.043,$10.10,$9.8446
06/12/2025,$10.12,23618,$10.10,$10.12,$9.97
06/11/2025,$10.08,10576,$10.12,$10.12,$9.97
06/10/2025,$10.065,22478,$10.00,$10.1111,$9.89
06/09/2025,$9.75,122248,$10.40,$10.42,$9.70
06/06/2025,$10.34,19570,$10.23,$10.65,$10.22
06/05/2025,$10.19,10429,$10.06,$10.40,$10.06
06/04/2025,$10.145,19220,$10.40,$10.40,$10.08
06/03/2025,$10.40,19414,$10.48,$10.48,$10.1401
06/02/2025,$10.34,26257,$10.23,$10.435,$10.1803
05/30/2025,$10.14,23842,$10.31,$10.5499,$10.09
05/29/2025,$10.21,50118,$10.15,$10.30,$10.03
05/28/2025,$10.13,36559,$10.29,$10.5516,$10.12
05/27/2025,$10.24,21699,$10.22,$10.40,$10.1025
05/23/2025,$10.17,44831,$10.624,$10.624,$10.10
05/22/2025,$10.35,43636,$10.47,$10.53,$10.175
05/21/2025,$10.42,24119,$10.38,$10.45,$10.21
05/20/2025,$10.52,90626,$10.39,$10.575,$10.18
05/19/2025,$10.23,86538,$10.42,$10.51,$9.95
05/16/2025,$10.11,59301,$10.13,$10.40,$10.00
05/15/2025,$9.91,135169,$9.90,$10.20,$9.87
05/14/2025,$9.73,49684,$10.08,$10.08,$9.72
05/13/2025,$9.876,63750,$9.99,$10.07,$9.86
05/12/2025,$9.98,17478,$9.88,$10.2435,$9.88
05/09/2025,$9.97,18918,$10.06,$10.22,$9.90
05/08/2025,$10.095,54515,$10.01,$10.27,$9.95
05/07/2025,$10.015,15523,$10.225,$10.30,$10.01
05/06/2025,$10.30,10757,$10.34,$10.35,$10.20
05/05/2025,$10.325,4487,$10.50,$10.50,$10.2007
05/02/2025,$10.4001,10761,$10.38,$10.50,$10.38
05/01/2025,$10.49,47381,$10.835,$10.87,$10.38
04/30/2025,$10.49,7339,$10.24,$10.49,$10.20
04/29/2025,$10.23,20816,$10.65,$10.83,$10.22
04/28/2025,$10.6697,10895,$10.76,$10.84,$10.58
04/25/2025,$10.65,14584,$10.45,$10.78,$10.45
04/24/2025,$10.59,15636,$10.25,$10.75,$10.25
04/23/2025,$10.34,15482,$10.31,$10.35,$10.25
04/22/2025,$10.28,4803,$10.35,$10.35,$10.25
04/21/2025,$10.10,21918,$10.45,$10.45,$9.71
04/17/2025,$10.495,27106,$10.55,$10.7249,$10.2201
04/16/2025,$10.6889,6470,$10.52,$10.75,$10.35
04/15/2025,$10.46,29250,$10.61,$10.61,$10.285
04/14/2025,$10.61,5807,$10.66,$10.7514,$10.6001
04/11/2025,$10.71,5494,$10.61,$11.1281,$10.61
04/10/2025,$10.79,6111,$10.835,$10.855,$10.45
04/09/2025,$10.81,7035,$10.92,$10.99,$10.80
04/08/2025,$10.97,5140,$10.795,$11.15,$10.74
04/07/2025,$10.65,29300,$10.74,$11.15,$10.55
04/04/2025,$10.70,47839,$10.776,$11.05,$10.60
04/03/2025,$11.055,43854,$11.29,$11.57,$10.9756
04/02/2025,$11.00,16559,$11.11,$11.15,$10.90
04/01/2025,$11.1078,31527,$11.26,$11.35,$10.80
03/31/2025,$11.25,17819,$11.16,$11.50,$11.15
03/28/2025,$11.4372,7801,$11.75,$11.75,$11.25
03/27/2025,$12.00,14344,$11.747,$12.14,$11.36
03/26/2025,$11.84,14816,$11.50,$11.8499,$11.50
03/25/2025,$11.31,7535,$11.35,$11.844,$11.31
03/24/2025,$11.36,3005,$11.55,$11.74,$11.36
03/21/2025,$11.54,4348,$11.507,$11.84,$11.36
03/20/2025,$11.36,8669,$11.50,$11.68,$11.32
03/19/2025,$11.51,23825,$11.41,$11.80,$11.28
03/18/2025,$11.47,37308,$11.60,$11.9431,$11.16
03/17/2025,$11.605,38966,$12.01,$12.03,$11.22
03/14/2025,$12.0085,13908,$11.39,$12.0733,$11.28
03/13/2025,$11.395,1854,$11.60,$11.60,$11.31
03/12/2025,$11.37,N/A,$11.37,$11.37,$11.37
03/11/2025,$11.37,7933,$11.45,$11.70,$11.30
03/10/2025,$11.35,18245,$11.72,$11.72,$11.10
03/07/2025,$11.74,4685,$11.63,$12.1053,$11.62
03/06/2025,$11.65,7257,$11.75,$11.91,$11.25
03/05/2025,$11.85,4181,$11.98,$12.13,$11.77
03/04/2025,$12.00,6839,$12.21,$12.21,$11.97
03/03/2025,$12.10,5120,$12.12,$12.25,$12.10
02/28/2025,$12.20,3138,$12.19,$12.255,$12.15
02/27/2025,$12.28,8033,$12.175,$12.33,$12.175
02/26/2025,$12.34,10543,$12.32,$12.34,$12.06
02/25/2025,$12.48,1715,$12.45,$12.48,$12.321
02/24/2025,$12.553,4029,$12.45,$12.65,$12.4012
02/21/2025,$12.22,4375,$12.38,$12.46,$12.02
02/20/2025,$12.27,5135,$12.298,$12.4977,$12.27
02/19/2025,$12.27,10371,$12.14,$12.65,$12.13
02/18/2025,$12.06,3918,$12.24,$12.4686,$12.0245
02/14/2025,$12.2297,2888,$12.05,$12.2297,$12.02
02/13/2025,$12.08,4654,$12.30,$12.30,$12.07
02/12/2025,$12.04,20093,$11.70,$12.04,$11.70
02/11/2025,$11.63,5434,$11.648,$11.90,$11.63
02/10/2025,$11.63,N/A,$11.63,$11.63,$11.63
02/07/2025,$11.63,1449,$11.62,$11.685,$11.62
02/06/2025,$11.62,2401,$11.63,$11.7062,$11.62
02/05/2025,$11.62,1790,$11.60,$11.675,$11.60
02/04/2025,$11.62,2169,$11.62,$11.678,$11.61
02/03/2025,$11.73,3006,$11.59,$11.73,$11.445
01/31/2025,$11.38,1511,$11.48,$11.48,$11.3007
01/30/2025,$11.57,4045,$11.45,$11.57,$11.4499
01/29/2025,$11.37,4556,$11.29,$11.44,$11.19
01/28/2025,$11.18,4425,$11.19,$11.27,$11.12
01/27/2025,$11.01,3734,$11.14,$11.2699,$11.01
01/24/2025,$11.00,13556,$11.33,$11.33,$10.97
01/23/2025,$11.05,3807,$11.00,$11.125,$10.92
01/22/2025,$11.00,2424,$10.91,$11.165,$10.91
01/21/2025,$10.94,4282,$11.18,$11.18,$10.91
01/17/2025,$11.00,8436,$11.01,$11.5072,$10.70
01/16/2025,$11.08,13310,$10.96,$12.0111,$10.83
01/15/2025,$10.92,21704,$11.12,$11.25,$10.90
01/14/2025,$11.11,10413,$11.50,$11.5758,$11.07
01/13/2025,$11.319,2837,$11.59,$11.6299,$11.22
01/10/2025,$11.33,12786,$11.68,$11.99,$11.2302
01/08/2025,$11.9999,9901,$12.14,$12.235,$11.70
01/07/2025,$12.17,3472,$12.31,$12.54,$12.03
01/06/2025,$12.54,7354,$12.13,$12.54,$12.0493
01/03/2025,$12.54,8210,$12.30,$12.54,$12.068
01/02/2025,$12.56,8076,$12.20,$12.5609,$11.88
12/31/2024,$12.185,36644,$11.66,$12.57,$10.99
12/30/2024,$11.43,22099,$12.17,$12.49,$11.06
12/27/2024,$12.07,2613,$12.35,$12.87,$12.07
12/26/2024,$12.16,4195,$12.50,$12.50,$12.07
12/24/2024,$12.335,850,$12.335,$12.335,$12.335
12/23/2024,$12.275,9408,$12.261,$12.49,$12.00
12/20/2024,$12.35,1708,$12.17,$12.88,$12.17
12/19/2024,$12.23,7477,$12.58,$12.58,$12.21
12/18/2024,$12.99,18820,$13.03,$13.24,$12.765
12/17/2024,$12.80,1806,$12.9618,$12.9618,$12.80
12/16/2024,$12.805,2894,$12.8587,$12.99,$12.80
12/13/2024,$12.7817,718,$13.03,$13.03,$12.7817
12/12/2024,$12.77,1355,$12.77,$12.77,$12.77
12/11/2024,$12.7701,1374,$12.7701,$12.7701,$12.7701
12/10/2024,$12.905,4602,$12.98,$13.0575,$12.905
12/09/2024,$12.83,5144,$13.04,$13.04,$12.8097
12/06/2024,$12.785,22567,$13.05,$13.05,$12.7001
12/05/2024,$12.9839,2633,$13.00,$13.00,$12.8363
12/04/2024,$12.98,915,$12.90,$12.98,$12.8102
12/03/2024,$12.83,41767,$13.00,$13.00,$12.7421
12/02/2024,$12.85,5447,$12.80,$12.90,$12.76
11/29/2024,$12.80,416,$12.88,$12.88,$12.80
11/27/2024,$12.74,1178,$12.90,$12.92,$12.74
11/26/2024,$12.88,5921,$12.65,$12.99,$12.65
11/25/2024,$12.725,5722,$12.9182,$12.95,$12.725
11/22/2024,$12.8702,570,$12.9463,$13.00,$12.7624
11/21/2024,$12.91,5389,$12.935,$13.00,$12.83
11/20/2024,$12.8301,3800,$12.8775,$12.945,$12.83
11/19/2024,$12.92,504,$12.92,$12.92,$12.92
11/18/2024,$13.04,10564,$13.24,$13.24,$12.90
11/15/2024,$13.04,6892,$12.83,$13.05,$12.83
11/14/2024,$12.6101,4023,$12.90,$12.94,$12.6101
11/13/2024,$12.84,5281,$12.79,$12.85,$12.6281
11/12/2024,$12.84,11001,$12.65,$12.89,$12.61
11/11/2024,$12.76,8868,$12.74,$12.89,$12.71
11/08/2024,$12.75,8059,$12.95,$12.95,$12.71
11/07/2024,$12.82,1105,$12.8285,$12.8285,$12.82
11/06/2024,$12.89,1767,$12.92,$12.92,$12.81
11/05/2024,$12.93,2895,$12.8101,$12.9699,$12.8101
11/04/2024,$12.977,816,$12.87,$12.977,$12.87
11/01/2024,$13.00,7292,$13.00,$13.1434,$12.8499
10/31/2024,$12.855,7552,$12.91,$12.9999,$12.78
10/30/2024,$12.92,4677,$12.88,$13.00,$12.88
10/29/2024,$12.945,11880,$12.96,$12.98,$12.87
10/28/2024,$12.98,1385,$12.99,$13.00,$12.98
10/25/2024,$13.00,2324,$12.97,$13.00,$12.97
10/24/2024,$12.96,515,$12.96,$12.96,$12.96
10/23/2024,$13.00,1107,$12.96,$13.00,$12.96
10/22/2024,$13.00,3860,$12.89,$13.00,$12.89
10/21/2024,$12.96,5957,$13.12,$13.25,$12.96
10/18/2024,$13.20,7089,$13.07,$13.325,$13.07
10/17/2024,$13.09,4888,$13.09,$13.14,$13.01
10/16/2024,$13.1947,7884,$13.12,$13.31,$13.03
10/15/2024,$13.24,9005,$13.32,$13.32,$12.98
10/14/2024,$13.23,37809,$12.85,$13.38,$12.7901
10/11/2024,$12.8001,32594,$12.90,$12.97,$12.7997
10/10/2024,$12.89,22906,$12.751,$12.89,$12.725
10/09/2024,$12.74,35153,$12.48,$12.87,$12.48
10/08/2024,$12.57,44735,$12.46,$12.57,$12.35
10/07/2024,$12.40,50977,$12.00,$12.55,$12.00
10/04/2024,$11.90,77811,$12.15,$12.275,$11.655
10/03/2024,$11.75,42695,$11.0899,$12.50,$11.015
10/02/2024,$11.0499,4668,$11.20,$11.20,$11.00
10/01/2024,$10.735,4931,$10.54,$10.80,$10.54
09/30/2024,$10.64,4064,$10.60,$10.70,$10.60
09/27/2024,$10.77,6695,$10.77,$10.772,$10.55
09/26/2024,$10.7838,2622,$10.99,$10.99,$10.7838
09/25/2024,$10.7681,7922,$10.7898,$10.82,$10.7681
09/24/2024,$10.854,46032,$11.2725,$11.2725,$10.85
09/23/2024,$11.27,3662,$11.35,$11.4743,$11.27
09/20/2024,$11.43,9002,$11.58,$11.58,$11.40
09/19/2024,$11.60,7704,$11.71,$11.72,$11.34
09/18/2024,$11.74,8813,$11.95,$11.99,$11.74
09/17/2024,$11.92,12224,$11.72,$11.9299,$11.72
09/16/2024,$11.67,5947,$11.49,$11.73,$11.45
09/13/2024,$11.38,1109,$11.38,$11.48,$11.38
09/12/2024,$11.38,2377,$11.43,$11.43,$11.38
09/11/2024,$11.38,1510,$11.47,$11.49,$11.38
09/10/2024,$11.46,1474,$11.20,$11.46,$11.20
09/09/2024,$11.45,5306,$11.365,$11.45,$11.11
09/06/2024,$11.46,N/A,$11.46,$11.46,$11.46
09/05/2024,$11.46,764,$11.46,$11.47,$11.46
09/04/2024,$11.40,924,$11.364,$11.40,$11.36
09/03/2024,$11.39,1127,$11.435,$11.435,$11.39
08/30/2024,$11.46,828,$11.4699,$11.4699,$11.46
08/29/2024,$11.48,640,$11.41,$11.48,$11.41
08/28/2024,$11.42,1556,$11.41,$11.43,$11.41
08/27/2024,$11.4763,5512,$11.465,$11.491,$11.4001
08/26/2024,$11.55,724,$11.5161,$11.55,$11.5161
08/23/2024,$11.52,5783,$11.45,$11.52,$11.43
08/22/2024,$11.52,288,$11.52,$11.52,$11.52
08/21/2024,$11.48,1232,$11.49,$11.52,$11.48
08/20/2024,$11.4782,3062,$11.40,$11.52,$11.40
08/19/2024,$11.44,3840,$11.43,$11.4462,$11.43
08/16/2024,$11.53,3970,$11.41,$11.53,$11.41
08/15/2024,$11.53,3039,$11.5601,$11.5603,$11.43
08/14/2024,$11.70,1098,$11.592,$11.70,$11.592
08/13/2024,$11.76,2431,$11.58,$11.76,$11.58
08/12/2024,$11.59,1909,$11.53,$11.79,$11.53
08/09/2024,$11.60,7670,$11.80,$11.80,$11.4001
08/08/2024,$11.90,4902,$11.7429,$12.00,$11.7429
08/07/2024,$11.90,4551,$12.00,$12.00,$11.75
08/06/2024,$11.97,1738,$11.74,$11.98,$11.588
08/05/2024,$11.75,8817,$11.75,$11.75,$11.41
08/02/2024,$11.93,2935,$11.80,$11.97,$11.745
08/01/2024,$11.80,3143,$11.8791,$11.88,$11.7556
07/31/2024,$11.9867,5318,$11.7316,$11.99,$11.69
07/30/2024,$11.83,3438,$11.68,$11.84,$11.68
07/29/2024,$11.65,4227,$11.89,$11.90,$11.64
07/26/2024,$11.90,5503,$11.33,$12.00,$11.33
07/25/2024,$12.00,2662,$11.85,$12.00,$11.8307
07/24/2024,$11.85,1525,$11.655,$11.85,$11.655
07/23/2024,$12.00,1446,$12.00,$12.00,$11.925
07/22/2024,$12.00,3193,$11.705,$12.10,$11.70
07/19/2024,$11.97,5415,$12.05,$12.14,$11.9481
07/18/2024,$11.90,3963,$11.99,$11.99,$11.50
07/17/2024,$11.88,2312,$11.90,$11.90,$11.74
07/16/2024,$11.84,1076,$11.84,$11.84,$11.73
07/15/2024,$11.89,6648,$11.68,$11.89,$11.3101
07/12/2024,$11.80,2294,$11.84,$11.97,$11.707
07/11/2024,$11.675,1638,$11.82,$11.82,$11.675
07/10/2024,$11.81,2344,$11.60,$11.9092,$11.56
07/09/2024,$11.63,1952,$11.655,$11.98,$11.40
07/08/2024,$11.47,3541,$11.48,$11.60,$11.41
07/05/2024,$11.55,4817,$11.90,$11.90,$11.33
07/03/2024,$11.73,4959,$11.30,$12.09,$11.30
07/02/2024,$11.27,8990,$11.56,$11.56,$11.26
07/01/2024,$11.5597,7462,$11.71,$11.81,$11.50
06/28/2024,$11.82,6956,$11.87,$11.88,$11.62
06/27/2024,$11.70,4314,$11.87,$11.8799,$11.69
06/26/2024,$11.83,4506,$11.63,$11.88,$11.62
06/25/2024,$11.74,21367,$11.97,$11.97,$11.61
06/24/2024,$11.9899,11417,$11.98,$11.9959,$11.67
06/21/2024,$12.06,7267,$12.005,$12.43,$11.90
06/20/2024,$11.60,46484,$12.01,$12.33,$11.58
06/18/2024,$12.38,68521,$11.80,$12.4499,$11.60
06/17/2024,$11.70,25570,$11.89,$11.89,$11.70
06/14/2024,$11.85,24090,$11.6203,$11.85,$11.6203
06/13/2024,$11.70,3622,$11.5942,$11.74,$11.5942
06/12/2024,$11.70,5909,$11.727,$11.74,$11.655
06/11/2024,$11.635,20115,$11.77,$11.8899,$11.5619
06/10/2024,$11.805,16677,$11.54,$11.8599,$11.42
06/07/2024,$11.45,16692,$11.43,$11.71,$11.43
06/06/2024,$11.42,2570,$11.28,$11.44,$11.28
06/05/2024,$11.40,2098,$11.43,$11.44,$11.325
06/04/2024,$11.39,20955,$11.26,$11.44,$11.21
06/03/2024,$11.37,24280,$11.39,$11.39,$11.25
05/31/2024,$11.35,7713,$11.39,$11.40,$11.2877
05/30/2024,$11.35,6176,$11.26,$11.3999,$11.25
05/29/2024,$11.26,5508,$11.22,$11.30,$11.22
05/28/2024,$11.30,26040,$11.24,$11.37,$11.21
05/24/2024,$11.37,4802,$11.21,$11.54,$11.21
05/23/2024,$11.3154,2692,$11.30,$11.48,$11.25
05/22/2024,$11.37,14661,$11.2249,$11.49,$11.2249
05/21/2024,$11.4099,8898,$11.40,$11.60,$11.3942
05/20/2024,$11.305,7005,$11.22,$11.3948,$11.2101
05/17/2024,$11.22,4385,$11.55,$11.55,$11.22
05/16/2024,$11.35,2861,$11.50,$11.6251,$11.35
05/15/2024,$11.4825,5642,$11.51,$11.66,$11.34
05/14/2024,$11.44,1202,$11.38,$11.44,$11.38
05/13/2024,$11.3291,10826,$11.37,$11.50,$11.21
05/10/2024,$11.30,5151,$11.49,$11.49,$11.28
05/09/2024,$11.32,8931,$11.389,$11.3911,$11.315
05/08/2024,$11.405,2870,$11.4036,$11.405,$11.3501
05/07/2024,$11.395,9621,$11.2401,$11.41,$11.2401
05/06/2024,$11.295,5513,$11.2299,$11.3299,$11.2299
05/03/2024,$11.17,5323,$11.0151,$11.2898,$11.0151
05/02/2024,$11.1886,11459,$11.16,$11.2976,$11.0309
05/01/2024,$11.14,6065,$11.075,$11.15,$11.0103
04/30/2024,$11.2999,15858,$11.00,$11.2999,$11.00
04/29/2024,$11.045,10552,$11.15,$11.15,$11.0001
04/26/2024,$11.1774,4821,$11.2182,$11.22,$11.0201
04/25/2024,$11.11,409,$11.08,$11.11,$11.08
04/24/2024,$11.0818,2320,$11.16,$11.16,$11.0818
04/23/2024,$11.11,17265,$11.085,$11.11,$10.90
04/22/2024,$11.0674,58892,$10.82,$11.19,$10.82
04/19/2024,$10.96,14958,$10.605,$10.96,$10.5106
04/18/2024,$10.73,40721,$10.60,$10.8699,$10.49
04/17/2024,$10.40,12659,$10.68,$10.68,$10.32
04/16/2024,$10.19,2116,$10.22,$10.22,$10.17
04/15/2024,$10.16,15276,$10.03,$10.2977,$10.00
04/12/2024,$9.91,10349,$9.933,$10.00,$9.90
04/11/2024,$9.98,13936,$9.8153,$10.00,$9.745
04/10/2024,$9.8298,4816,$9.81,$9.8527,$9.80
04/09/2024,$9.90,14052,$9.695,$10.00,$9.695
04/08/2024,$9.70,6822,$9.75,$9.8489,$9.70
04/05/2024,$9.80,1260,$9.91,$9.91,$9.74
04/04/2024,$10.00,8134,$9.675,$10.00,$9.67
04/03/2024,$9.61,6332,$9.52,$9.73,$9.52
04/02/2024,$9.7176,1777,$9.5014,$9.7176,$9.5014
04/01/2024,$9.69,8764,$9.665,$9.70,$9.50
03/28/2024,$9.61,65208,$9.6833,$9.6994,$8.38
03/27/2024,$9.86,110882,$9.70,$9.86,$9.13
03/26/2024,$9.81,7487,$9.875,$9.95,$9.76
03/25/2024,$9.80,14313,$9.93,$9.98,$9.7001
03/22/2024,$9.80,14101,$9.655,$9.80,$9.65
03/21/2024,$9.6304,4994,$9.70,$9.70,$9.60
03/20/2024,$9.66,17640,$9.70,$9.70,$9.41
03/19/2024,$9.70,22559,$9.51,$9.82,$9.51
03/18/2024,$9.85,25552,$9.97,$9.97,$9.85
03/15/2024,$9.86,9091,$9.986,$10.00,$9.86
03/14/2024,$9.77,22504,$9.84,$9.9699,$9.7205
03/13/2024,$9.84,4101,$9.9319,$9.9319,$9.84
03/12/2024,$9.85,12126,$9.7017,$10.00,$9.7017
03/11/2024,$9.8064,4927,$9.7824,$9.82,$9.775
03/08/2024,$9.70,8260,$9.70,$9.8547,$9.70
03/07/2024,$9.785,12065,$9.98,$9.98,$9.70
03/06/2024,$10.0008,8909,$10.0362,$10.085,$9.98
03/05/2024,$10.0069,9588,$10.10,$10.10,$10.0069
03/04/2024,$10.09,1834,$10.10,$10.13,$10.09
03/01/2024,$10.135,4869,$10.16,$10.16,$10.0628
02/29/2024,$10.14,7795,$10.141,$10.33,$10.05
02/28/2024,$10.02,18761,$10.29,$10.3332,$10.0165
02/27/2024,$10.28,54003,$10.20,$10.39,$10.0912
02/26/2024,$10.23,32425,$10.02,$10.33,$9.98
02/23/2024,$10.05,90445,$9.63,$10.15,$9.4699
02/22/2024,$9.55,62408,$9.03,$9.55,$9.0299
02/21/2024,$9.03,35844,$8.76,$9.0619,$8.5658
02/20/2024,$8.63,76994,$8.06,$8.82,$8.06
02/16/2024,$7.935,30836,$7.90,$8.10,$7.8501
02/15/2024,$8.025,10510,$7.98,$8.025,$7.98
02/14/2024,$7.9832,3475,$8.1399,$8.1399,$7.98
02/13/2024,$8.145,448,$8.26,$8.26,$8.145
02/12/2024,$8.0277,1800,$7.9601,$8.105,$7.9601
02/09/2024,$7.97,1558,$7.9501,$7.97,$7.9501
02/08/2024,$8.05,5261,$8.0102,$8.1699,$8.00
02/07/2024,$8.05,878,$8.0943,$8.0943,$7.95
02/06/2024,$8.01,9001,$7.87,$8.15,$7.87
02/05/2024,$7.87,6020,$7.75,$7.9548,$7.75
02/02/2024,$7.94,4939,$7.79,$7.953,$7.72
02/01/2024,$7.73,7717,$7.68,$7.91,$7.6596
01/31/2024,$7.69,8829,$7.675,$7.70,$7.6665
01/30/2024,$7.675,6374,$7.6999,$7.70,$7.6516
01/29/2024,$7.6999,5391,$7.62,$7.70,$7.62
01/26/2024,$7.69,9955,$7.70,$7.70,$7.655
01/25/2024,$7.69,5364,$7.70,$7.70,$7.61
01/24/2024,$7.65,14227,$7.69,$7.85,$7.65
01/23/2024,$7.90,5829,$7.69,$7.9201,$7.61
01/22/2024,$7.65,32770,$8.16,$8.19,$7.29
01/19/2024,$8.21,4153,$8.16,$8.40,$8.16
01/18/2024,$8.185,5989,$8.30,$8.30,$8.16
01/17/2024,$8.30,4090,$8.40,$8.41,$8.30
01/16/2024,$8.30,7260,$8.43,$8.43,$8.30
01/12/2024,$8.425,2087,$8.425,$8.4809,$8.40
01/11/2024,$8.40,2357,$8.3804,$8.40,$8.37
01/10/2024,$8.3613,7716,$8.38,$8.40,$8.3613
01/09/2024,$8.44,4268,$8.46,$8.5372,$8.38
01/08/2024,$8.46,4331,$8.50,$8.5729,$8.45
01/05/2024,$8.50,9900,$8.44,$8.525,$8.41
01/04/2024,$8.44,9066,$8.43,$8.50,$8.354
01/03/2024,$8.39,13248,$8.49,$8.55,$8.38
01/02/2024,$8.4709,17231,$8.43,$8.62,$8.40
12/29/2023,$8.44,18951,$8.50,$8.55,$8.3601
12/28/2023,$8.41,1988,$8.6253,$8.6253,$8.41
12/27/2023,$8.35,8449,$8.41,$8.58,$8.3226
12/26/2023,$8.36,18748,$8.53,$8.60,$8.35
12/22/2023,$8.42,21379,$8.32,$8.4531,$8.32
12/21/2023,$8.32,21346,$8.75,$8.8692,$8.32
12/20/2023,$8.69,37228,$8.92,$9.0999,$8.67
12/19/2023,$8.85,70352,$8.85,$9.30,$8.45
12/18/2023,$9.81,91340,$9.85,$10.0339,$9.69
12/15/2023,$9.735,50828,$9.73,$9.835,$9.55
12/14/2023,$9.50,34936,$9.70,$9.77,$9.50
12/13/2023,$9.48,16707,$9.50,$9.57,$9.35
12/12/2023,$9.50,18258,$9.58,$9.8592,$9.48
12/11/2023,$9.54,17237,$9.50,$9.5949,$9.46
12/08/2023,$9.53,1712,$9.65,$9.65,$9.53
12/07/2023,$9.57,4750,$9.48,$9.67,$9.35
12/06/2023,$9.6325,4035,$9.70,$9.70,$9.60
12/05/2023,$9.65,15386,$9.66,$9.68,$9.55
12/04/2023,$9.6305,7514,$9.59,$9.65,$9.54
12/01/2023,$9.47,7570,$9.50,$9.50,$9.47
11/30/2023,$9.48,15653,$9.49,$9.50,$9.31
11/29/2023,$9.47,1460,$9.40,$9.47,$9.40
11/28/2023,$9.41,1754,$9.45,$9.4699,$9.39
11/27/2023,$9.489,5738,$9.51,$9.51,$9.46
11/24/2023,$9.4857,609,$9.53,$9.53,$9.4857
11/22/2023,$9.54,6168,$9.49,$9.54,$9.47
11/21/2023,$9.436,5397,$9.515,$9.66,$9.436
11/20/2023,$9.535,4191,$9.23,$9.535,$9.23
11/17/2023,$9.1803,5012,$9.26,$9.35,$9.155
11/16/2023,$9.25,694,$9.39,$9.39,$9.25
11/15/2023,$9.38,3032,$9.341,$9.6338,$9.341
11/14/2023,$9.20,18726,$9.40,$9.40,$9.11
11/13/2023,$9.285,7013,$9.54,$9.54,$9.285
11/10/2023,$9.19,7507,$9.31,$9.55,$9.1832
11/09/2023,$9.2286,2723,$9.34,$9.3699,$9.22
11/08/2023,$9.20,794,$9.17,$9.21,$9.17
11/07/2023,$9.35,6094,$9.22,$9.57,$9.06
11/06/2023,$9.30,361,$9.30,$9.30,$9.30
11/03/2023,$9.22,2137,$9.4138,$9.4138,$9.22
11/02/2023,$9.30,3703,$9.27,$9.35,$9.185
11/01/2023,$9.28,10872,$9.37,$9.39,$9.20
10/31/2023,$9.38,N/A,$9.38,$9.38,$9.38
10/30/2023,$9.38,N/A,$9.38,$9.38,$9.38
10/27/2023,$9.38,4960,$9.34,$9.44,$9.34
10/26/2023,$9.2981,1322,$9.275,$9.2981,$9.19
10/25/2023,$9.2515,2359,$9.23,$9.2515,$9.23
10/24/2023,$9.23,1170,$9.24,$9.24,$9.23
10/23/2023,$9.35,581,$9.36,$9.36,$9.35
10/20/2023,$9.21,1557,$9.26,$9.30,$9.21
10/19/2023,$9.30,1289,$9.31,$9.3101,$9.30
10/18/2023,$9.36,3460,$9.30,$9.38,$9.30
10/17/2023,$9.37,4996,$9.29,$9.38,$9.29
10/16/2023,$9.2401,4444,$9.20,$9.39,$9.20
10/13/2023,$9.42,1891,$9.37,$9.44,$9.20
10/12/2023,$9.48,2125,$9.41,$9.49,$9.37
10/11/2023,$9.46,1074,$9.46,$9.46,$9.46
10/10/2023,$9.49,4472,$9.45,$9.5812,$9.43
10/09/2023,$9.49,4791,$9.51,$9.5101,$9.44
10/06/2023,$9.555,1127,$9.60,$9.60,$9.555
10/05/2023,$9.51,4613,$9.48,$9.60,$9.48
10/04/2023,$9.475,7504,$9.3601,$9.475,$9.20
10/03/2023,$9.5595,8732,$9.53,$9.5595,$9.50
10/02/2023,$9.67,5252,$9.67,$9.67,$9.55
09/29/2023,$9.68,1047,$9.68,$9.68,$9.68
09/28/2023,$9.7389,4955,$9.54,$9.7389,$9.54
09/27/2023,$9.74,1309,$9.73,$9.74,$9.3701
09/26/2023,$9.51,N/A,$9.51,$9.51,$9.51
09/25/2023,$9.51,4020,$9.65,$9.65,$9.46
09/22/2023,$9.51,2211,$9.57,$9.60,$9.4604
09/21/2023,$9.45,3002,$9.74,$9.74,$9.45
09/20/2023,$9.79,3533,$9.50,$9.79,$9.48
09/19/2023,$9.45,7630,$9.475,$9.50,$9.365
09/18/2023,$9.36,6673,$9.30,$9.55,$9.30
09/15/2023,$9.8299,11757,$9.51,$9.8299,$9.48
09/14/2023,$9.50,6951,$9.42,$9.6957,$9.1909
09/13/2023,$10.10,23716,$10.32,$10.43,$10.0562
09/12/2023,$10.365,24967,$10.15,$10.466,$10.13
09/11/2023,$10.25,9288,$10.46,$10.4699,$10.15
09/08/2023,$10.32,5866,$10.13,$10.32,$10.02
09/07/2023,$10.13,16763,$10.14,$10.25,$10.01
09/06/2023,$10.07,21616,$10.35,$10.35,$9.9001
09/05/2023,$10.09,21551,$9.85,$10.32,$9.7882
09/01/2023,$9.85,5295,$9.84,$9.85,$9.60
08/31/2023,$9.82,2335,$9.77,$9.94,$9.77
08/30/2023,$9.91,1946,$9.50,$9.91,$9.50
08/29/2023,$9.5701,1150,$9.54,$9.5701,$9.495
08/28/2023,$9.465,2087,$9.43,$9.4926,$9.43
08/25/2023,$9.47,302,$9.47,$9.47,$9.47
08/24/2023,$9.40,2551,$9.58,$9.58,$9.40
08/23/2023,$9.50,9494,$9.59,$9.59,$9.50
08/22/2023,$9.62,1955,$9.61,$9.62,$9.50
08/21/2023,$9.50,10975,$9.42,$9.565,$9.40
08/18/2023,$9.58,2023,$9.554,$9.58,$9.43
08/17/2023,$9.58,6787,$9.58,$9.61,$9.48
08/16/2023,$9.58,2618,$9.55,$9.642,$9.5348
08/15/2023,$9.50,12258,$9.6758,$9.6758,$9.50
08/14/2023,$9.41,11790,$9.50,$9.50,$9.41
08/11/2023,$9.41,13493,$9.21,$9.63,$9.21
08/10/2023,$8.775,4235,$8.93,$8.93,$8.775
08/09/2023,$8.80,2452,$8.80,$8.86,$8.80
08/08/2023,$8.8199,3582,$8.71,$8.82,$8.6878
08/07/2023,$8.705,5340,$8.647,$8.755,$8.61
08/04/2023,$8.70,368,$8.70,$8.70,$8.70
08/03/2023,$8.735,8523,$8.61,$8.90,$8.50
08/02/2023,$8.55,1298,$8.54,$8.58,$8.54
08/01/2023,$8.72,5724,$8.3511,$8.72,$8.19
07/31/2023,$8.2207,563,$8.1833,$8.2207,$8.1833
07/28/2023,$8.25,11115,$7.99,$8.25,$7.94
07/27/2023,$8.00,5387,$7.94,$8.01,$7.94
07/26/2023,$7.80,4065,$7.97,$8.05,$7.66
07/25/2023,$7.65,10279,$8.01,$8.01,$7.52
07/24/2023,$7.86,7318,$8.04,$8.095,$7.86
07/21/2023,$7.91,3641,$8.188,$8.255,$7.91
07/20/2023,$8.25,3238,$8.381,$8.535,$8.25
07/19/2023,$8.44,1482,$8.50,$8.50,$8.4364
07/18/2023,$8.50,540,$8.40,$8.50,$8.40
07/17/2023,$8.27,410,$8.27,$8.27,$8.27
07/14/2023,$8.425,565,$8.425,$8.425,$8.425
07/13/2023,$8.43,413,$8.40,$8.43,$8.35
07/12/2023,$8.39,1491,$8.45,$8.45,$8.37
07/11/2023,$8.43,2427,$8.44,$8.4999,$8.40
07/10/2023,$8.37,454,$8.43,$8.43,$8.37
07/07/2023,$8.36,3648,$8.50,$8.50,$8.3066
07/06/2023,$8.19,7247,$8.18,$8.44,$8.18
07/05/2023,$8.1311,781,$8.08,$8.1311,$8.08
07/03/2023,$8.1764,N/A,$8.1764,$8.1764,$8.1764
06/30/2023,$8.1764,2664,$7.89,$8.3441,$7.89
06/29/2023,$8.2097,1641,$7.96,$8.3696,$7.96
06/28/2023,$7.94,8318,$8.10,$8.10,$7.885
06/27/2023,$8.00,6033,$8.10,$8.3148,$8.00
06/26/2023,$8.0037,12373,$8.20,$8.2856,$8.00
06/23/2023,$8.14,1615,$8.27,$8.3633,$8.14
06/22/2023,$8.22,N/A,$8.22,$8.22,$8.22
06/21/2023,$8.22,3967,$8.3762,$8.3762,$8.13
06/20/2023,$8.3001,5154,$8.30,$8.4973,$8.30
06/16/2023,$8.12,13050,$8.33,$8.33,$8.12
06/15/2023,$8.20,8473,$8.20,$8.30,$8.20
06/14/2023,$8.13,513,$8.13,$8.13,$8.13
06/13/2023,$8.19,991,$8.1827,$8.19,$8.1827
06/12/2023,$8.23,151,$8.23,$8.23,$8.23
06/09/2023,$8.23,379,$8.23,$8.23,$8.23
06/08/2023,$8.25,1947,$8.455,$8.455,$8.25
06/07/2023,$8.13,22716,$8.387,$8.65,$8.13
06/06/2023,$8.29,649,$8.51,$8.51,$8.29
06/05/2023,$8.35,665,$8.34,$8.35,$8.34
06/02/2023,$8.40,1784,$8.3541,$8.40,$8.3541
06/01/2023,$8.30,505,$8.34,$8.34,$8.30
05/31/2023,$8.39,2305,$8.49,$8.49,$8.39
05/30/2023,$8.30,1098,$8.29,$8.30,$8.28
05/26/2023,$8.44,3147,$8.52,$8.52,$8.41
05/25/2023,$8.51,1859,$8.645,$8.645,$8.485
05/24/2023,$8.51,12517,$8.53,$8.60,$8.51
05/23/2023,$8.625,11323,$8.51,$8.675,$8.51
05/22/2023,$8.53,6731,$8.50,$8.69,$8.46
05/19/2023,$8.40,9542,$8.50,$8.53,$8.40
05/18/2023,$8.525,1911,$8.54,$8.55,$8.525
05/17/2023,$8.6014,16481,$8.57,$8.61,$8.57
05/16/2023,$8.59,3049,$8.6001,$8.6001,$8.58
05/15/2023,$8.59,9487,$8.48,$8.60,$8.48
05/12/2023,$8.58,9031,$8.705,$8.75,$8.51
05/11/2023,$8.50,11319,$8.4101,$8.60,$8.4101
05/10/2023,$8.5212,14205,$8.62,$8.755,$8.5212
05/09/2023,$8.615,7889,$8.61,$8.62,$8.61
05/08/2023,$8.61,2931,$8.60,$8.73,$8.59
05/05/2023,$8.50,4183,$8.4601,$8.565,$8.4601
05/04/2023,$8.51,1153,$8.58,$8.63,$8.51
05/03/2023,$8.50,5162,$8.48,$8.62,$8.48
05/02/2023,$8.48,55549,$8.40,$8.63,$8.40
05/01/2023,$8.40,12074,$8.25,$8.40,$8.25
04/28/2023,$8.25,8234,$8.00,$8.29,$8.00
04/27/2023,$8.05,8940,$8.01,$8.06,$7.93
04/26/2023,$8.01,4325,$7.9999,$8.01,$7.92
04/25/2023,$7.9916,1718,$7.99,$8.00,$7.9637
04/24/2023,$8.00,11372,$8.00,$8.00,$7.99
04/21/2023,$8.00,3095,$8.53,$8.53,$8.00
04/20/2023,$8.50,190,$8.50,$8.50,$8.50
04/19/2023,$8.00,2068,$8.11,$8.11,$8.00
04/18/2023,$8.71,610,$8.71,$8.71,$8.70
04/17/2023,$8.1001,6652,$8.41,$8.41,$8.1001
04/14/2023,$8.5423,3542,$9.25,$9.25,$8.5001
04/13/2023,$8.488,653,$8.0001,$8.488,$8.0001
04/12/2023,$8.02,N/A,$8.02,$8.02,$8.02
04/11/2023,$8.02,N/A,$8.02,$8.02,$8.02
04/10/2023,$8.02,1603,$8.25,$8.25,$8.02
04/06/2023,$8.16,2450,$8.17,$8.21,$8.11
04/05/2023,$7.82,2419,$8.50,$8.50,$7.82
04/04/2023,$8.50,3300,$8.57,$8.64,$8.50
04/03/2023,$9.1898,N/A,$9.1898,$9.1898,$9.1898
03/31/2023,$9.1898,2249,$9.24,$9.25,$9.1898
03/30/2023,$8.50,N/A,$8.50,$8.50,$8.50
03/29/2023,$8.50,1031,$8.51,$8.55,$8.50
03/28/2023,$8.451,2556,$8.45,$8.451,$8.40
03/27/2023,$8.25,5437,$9.00,$9.0001,$8.25
03/24/2023,$9.08,N/A,$9.08,$9.08,$9.08
03/23/2023,$9.08,279,$9.08,$9.08,$9.08
03/22/2023,$9.2192,N/A,$9.2192,$9.2192,$9.2192
03/21/2023,$9.2192,142,$9.2192,$9.2192,$9.2192
03/20/2023,$9.2199,N/A,$9.2199,$9.2199,$9.2199
03/17/2023,$9.2199,1511,$9.22,$9.22,$9.2199
03/16/2023,$9.2531,709,$9.10,$9.2531,$9.10
03/15/2023,$9.10,6399,$9.2756,$9.2756,$9.10
03/14/2023,$9.2499,6222,$9.1101,$9.25,$9.1101
03/13/2023,$9.1125,1590,$9.305,$9.50,$9.11
03/10/2023,$9.2997,6920,$9.25,$9.44,$9.20
03/09/2023,$9.32,1277,$9.365,$9.4268,$9.1601
03/08/2023,$9.11,1045,$9.53,$9.53,$9.11
03/07/2023,$9.5301,333,$9.5301,$9.5301,$9.5301
03/06/2023,$9.63,760,$9.70,$9.70,$9.63
03/03/2023,$9.72,N/A,$9.72,$9.72,$9.72
03/02/2023,$9.72,719,$9.72,$9.72,$9.72
03/01/2023,$9.8601,602,$9.86,$9.8601,$9.86
02/28/2023,$9.93,319,$9.8282,$9.93,$9.8282
02/27/2023,$9.6259,3374,$9.64,$9.65,$9.6259
02/24/2023,$9.55,1414,$9.4729,$9.55,$9.4729
02/23/2023,$9.49,N/A,$9.49,$9.49,$9.49
02/22/2023,$9.49,1239,$9.50,$9.50,$9.48
02/21/2023,$9.60,1081,$9.60,$9.60,$9.60
02/17/2023,$9.50,227,$9.50,$9.50,$9.50
02/16/2023,$9.35,2145,$9.50,$9.50,$9.35
02/15/2023,$9.50,1590,$9.56,$9.65,$9.50
02/14/2023,$9.35,N/A,$9.35,$9.35,$9.35
02/13/2023,$9.35,1940,$9.35,$9.35,$9.35
02/10/2023,$9.36,680,$9.36,$9.36,$9.36
02/09/2023,$9.30,1149,$9.30,$9.30,$9.30
02/08/2023,$9.50,339,$9.50,$9.50,$9.50
02/07/2023,$9.56,227,$9.56,$9.56,$9.56
02/06/2023,$9.55,521,$9.4797,$9.55,$9.4797
02/03/2023,$9.10,11207,$9.51,$9.51,$9.10
02/02/2023,$9.2501,14860,$9.95,$9.95,$9.25
02/01/2023,$9.95,3505,$9.97,$10.00,$9.95
01/31/2023,$9.9799,2160,$9.836,$9.9799,$9.836
01/30/2023,$9.98,1490,$9.60,$9.98,$9.60
01/27/2023,$9.80,10546,$9.75,$9.82,$9.75
01/26/2023,$9.60,1274,$9.7864,$9.7864,$9.60
01/25/2023,$9.75,450,$9.7999,$9.7999,$9.75
01/24/2023,$9.66,176,$9.66,$9.66,$9.66
01/23/2023,$9.63,686,$9.59,$9.63,$9.59
01/20/2023,$9.51,N/A,$9.51,$9.51,$9.51
01/19/2023,$9.51,1605,$9.51,$9.51,$9.50
01/18/2023,$9.55,658,$9.55,$9.55,$9.55
01/17/2023,$9.5398,151,$9.5398,$9.5398,$9.5398
01/13/2023,$9.31,1263,$9.22,$9.31,$9.215
01/12/2023,$9.18,4180,$9.155,$9.30,$9.15
01/11/2023,$9.20,13603,$9.71,$9.71,$9.12
01/10/2023,$9.7037,2729,$9.24,$9.7037,$9.24
01/09/2023,$9.6979,3702,$9.80,$9.80,$9.6275
01/06/2023,$9.7784,6011,$9.76,$9.7939,$9.76
01/05/2023,$9.70,261,$9.63,$9.70,$9.63
01/04/2023,$9.65,155,$9.65,$9.65,$9.65
01/03/2023,$9.45,105,$9.45,$9.45,$9.45
12/30/2022,$9.80,2109,$9.44,$9.80,$9.44
12/29/2022,$9.5675,6944,$9.75,$9.80,$9.11
12/28/2022,$9.71,8189,$9.76,$9.97,$9.25
12/27/2022,$10.00,604,$9.90,$10.00,$9.75
12/23/2022,$9.75,2506,$9.75,$9.82,$9.75
12/22/2022,$9.78,1006,$9.78,$9.78,$9.78
12/21/2022,$9.78,1816,$9.78,$9.79,$9.75
12/20/2022,$9.77,1113,$9.77,$9.82,$9.77
12/19/2022,$9.78,2742,$10.02,$10.02,$9.5701
12/16/2022,$10.10,1213,$10.10,$10.10,$10.10
12/15/2022,$10.25,N/A,$10.25,$10.25,$10.25
12/14/2022,$10.25,5324,$10.10,$10.25,$10.00
12/13/2022,$10.38,4201,$9.99,$10.38,$9.875
12/12/2022,$10.00,886,$10.10,$10.10,$10.00
12/09/2022,$10.27,1723,$10.29,$10.30,$10.27
12/08/2022,$9.97,253,$9.97,$9.97,$9.97
12/07/2022,$9.57,1450,$9.57,$9.57,$9.57
12/06/2022,$10.27,362,$10.27,$10.27,$10.27
12/05/2022,$10.25,1448,$10.3496,$10.3499,$10.25
12/02/2022,$10.46,278,$10.46,$10.46,$10.46
12/01/2022,$10.4369,N/A,$10.4369,$10.4369,$10.4369
11/30/2022,$10.4369,895,$10.46,$10.46,$10.4369
11/29/2022,$10.08,2483,$10.15,$10.15,$10.00
11/28/2022,$10.47,1255,$10.49,$10.49,$10.47
11/25/2022,$10.15,2707,$10.26,$10.26,$10.00
11/23/2022,$10.26,254,$10.4976,$10.4976,$10.26
11/22/2022,$10.06,N/A,$10.06,$10.06,$10.06
11/21/2022,$10.06,1180,$10.06,$10.06,$10.06
11/18/2022,$10.00,N/A,$10.00,$10.00,$10.00
11/17/2022,$10.00,N/A,$10.00,$10.00,$10.00
11/16/2022,$10.00,N/A,$10.00,$10.00,$10.00
11/15/2022,$10.00,1678,$10.30,$10.30,$10.00
11/14/2022,$10.16,537,$10.14,$10.16,$10.10
11/11/2022,$10.00,2071,$10.10,$10.20,$10.00
11/10/2022,$10.06,968,$10.03,$10.20,$10.03
11/09/2022,$10.09,1143,$10.075,$10.09,$9.65
11/08/2022,$10.40,N/A,$10.40,$10.40,$10.40
11/07/2022,$10.40,857,$10.41,$10.41,$10.40
11/04/2022,$10.36,5619,$10.18,$10.39,$10.18
11/03/2022,$10.10,3537,$10.06,$10.10,$10.06
11/02/2022,$10.03,N/A,$10.03,$10.03,$10.03
11/01/2022,$10.03,245,$10.306,$10.306,$10.03
10/31/2022,$10.45,N/A,$10.45,$10.45,$10.45
10/28/2022,$10.45,466,$9.98,$10.47,$9.98
10/27/2022,$9.75,5341,$10.49,$10.49,$9.69
10/26/2022,$10.49,1315,$10.10,$10.49,$10.05
10/25/2022,$10.24,N/A,$10.24,$10.24,$10.24
10/24/2022,$10.24,932,$10.25,$10.25,$10.1015
10/21/2022,$10.30,1085,$10.30,$10.30,$10.30
10/20/2022,$10.13,5096,$10.15,$10.15,$10.10
10/19/2022,$10.22,N/A,$10.22,$10.22,$10.22
10/18/2022,$10.22,2616,$10.32,$10.32,$10.22
10/17/2022,$10.3719,199,$10.3719,$10.3719,$10.3719
10/14/2022,$10.35,N/A,$10.35,$10.35,$10.35
10/13/2022,$10.35,N/A,$10.35,$10.35,$10.35
10/12/2022,$10.35,N/A,$10.35,$10.35,$10.35
10/11/2022,$10.35,304,$10.35,$10.35,$10.35
10/10/2022,$10.55,791,$10.55,$10.60,$10.55
10/07/2022,$10.39,5093,$10.41,$10.41,$10.39
10/06/2022,$10.41,4228,$10.57,$10.57,$10.40
10/05/2022,$10.00,2006,$10.01,$10.32,$10.00
10/04/2022,$10.01,1242,$10.20,$10.20,$10.01
10/03/2022,$10.00,N/A,$10.00,$10.00,$10.00
09/30/2022,$10.00,694,$9.86,$10.00,$9.86
09/29/2022,$9.68,N/A,$9.68,$9.68,$9.68
09/28/2022,$9.68,2059,$9.71,$9.75,$9.68
09/27/2022,$10.65,926,$10.145,$10.65,$9.80
09/26/2022,$9.60,1086,$9.60,$9.60,$9.60
09/23/2022,$9.55,2010,$9.56,$9.56,$9.55
09/22/2022,$9.97,N/A,$9.97,$9.97,$9.97
09/21/2022,$9.97,N/A,$9.97,$9.97,$9.97
09/20/2022,$9.97,2439,$10.20,$10.20,$9.97
09/19/2022,$10.25,1287,$10.22,$10.25,$10.21
09/16/2022,$10.50,2058,$10.425,$10.535,$10.425
09/15/2022,$10.74,N/A,$10.74,$10.74,$10.74
09/14/2022,$10.74,121,$10.74,$10.74,$10.74
09/13/2022,$10.71,107,$10.71,$10.71,$10.71
09/12/2022,$10.29,4102,$10.55,$11.24,$10.29
09/09/2022,$10.55,430,$10.55,$10.55,$10.55
09/08/2022,$10.415,404,$10.415,$10.415,$10.415
09/07/2022,$10.5034,N/A,$10.5034,$10.5034,$10.5034
09/06/2022,$10.5034,4891,$10.29,$10.5034,$10.29
09/02/2022,$10.29,5887,$10.05,$10.29,$10.05
09/01/2022,$10.05,5359,$9.90,$10.05,$9.90
08/31/2022,$9.75,303,$9.75,$9.75,$9.75
08/30/2022,$9.75,16805,$9.97,$10.36,$9.60
08/29/2022,$9.80,1526,$9.50,$9.80,$9.49
08/26/2022,$9.10,N/A,$9.10,$9.10,$9.10
08/25/2022,$9.10,N/A,$9.10,$9.10,$9.10
08/24/2022,$9.10,3964,$9.49,$9.49,$9.10
08/23/2022,$9.20,2339,$9.305,$9.305,$9.20
08/22/2022,$9.21,1747,$9.20,$9.21,$9.20
08/19/2022,$9.25,1132,$9.25,$9.2501,$9.25
08/18/2022,$9.10,676,$9.10,$9.10,$9.07
08/17/2022,$9.26,N/A,$9.26,$9.26,$9.26
08/16/2022,$9.26,9437,$9.15,$9.26,$9.15
08/15/2022,$9.15,87948,$9.10,$9.16,$8.98
08/12/2022,$9.00,50426,$8.92,$9.10,$8.92
08/11/2022,$9.041,33005,$8.65,$9.154,$8.65
08/10/2022,$9.0448,58323,$9.50,$9.50,$9.00
08/09/2022,$9.31,10021,$9.31,$9.31,$9.31
08/08/2022,$9.8241,536,$9.94,$9.94,$9.8241
08/05/2022,$9.65,1280,$9.65,$9.65,$9.65
08/04/2022,$9.97,N/A,$9.97,$9.97,$9.97
08/03/2022,$9.97,N/A,$9.97,$9.97,$9.97
08/02/2022,$9.97,248,$9.97,$9.97,$9.97
08/01/2022,$9.90,N/A,$9.90,$9.90,$9.90
07/29/2022,$9.90,932,$9.40,$9.90,$9.40
07/28/2022,$9.78,N/A,$9.78,$9.78,$9.78
07/27/2022,$9.78,N/A,$9.78,$9.78,$9.78
07/26/2022,$9.78,120,$9.78,$9.78,$9.78
07/25/2022,$9.98,161,$9.98,$9.98,$9.98
07/22/2022,$9.43,N/A,$9.43,$9.43,$9.43
07/21/2022,$9.43,N/A,$9.43,$9.43,$9.43
07/20/2022,$9.43,803,$9.94,$9.94,$9.43
07/19/2022,$9.6894,N/A,$9.6894,$9.6894,$9.6894
07/18/2022,$9.6894,1200,$9.20,$9.6894,$9.20
07/15/2022,$9.40,N/A,$9.40,$9.40,$9.40
07/14/2022,$9.40,291,$9.40,$9.40,$9.40
07/13/2022,$9.25,N/A,$9.25,$9.25,$9.25
07/12/2022,$9.25,N/A,$9.25,$9.25,$9.25
07/11/2022,$9.25,N/A,$9.25,$9.25,$9.25
07/08/2022,$9.25,N/A,$9.25,$9.25,$9.25
07/07/2022,$9.25,255,$9.25,$9.25,$9.25
07/06/2022,$9.49,641,$9.48,$9.49,$9.48
07/05/2022,$9.70,N/A,$9.70,$9.70,$9.70
07/01/2022,$9.70,9945,$9.78,$9.98,$9.31
06/30/2022,$9.7799,11016,$9.28,$9.78,$8.75
06/29/2022,$8.61,16571,$8.75,$8.78,$8.60
06/28/2022,$8.50,8786,$9.00,$9.00,$8.46
06/27/2022,$9.45,7991,$9.45,$9.5682,$9.45
06/24/2022,$9.25,104537,$8.25,$9.35,$8.0977
06/23/2022,$7.80,74671,$8.15,$8.50,$7.78
06/22/2022,$8.17,13218,$8.65,$8.65,$7.70
06/21/2022,$8.65,62597,$8.73,$9.45,$8.60
06/17/2022,$9.31,5251,$8.97,$9.79,$8.97
06/16/2022,$8.93,31565,$9.02,$9.57,$8.70
06/15/2022,$9.25,56237,$9.71,$10.95,$9.05
06/14/2022,$9.765,22630,$9.52,$10.30,$9.02
06/13/2022,$9.60,23395,$10.00,$10.42,$9.56
06/10/2022,$10.195,1182,$9.53,$10.195,$9.53
06/09/2022,$9.7371,2381,$9.76,$9.76,$9.7371
06/08/2022,$10.00,307,$10.00,$10.00,$10.00
06/07/2022,$10.50,N/A,$10.50,$10.50,$10.50
06/06/2022,$10.50,1112,$10.45,$10.50,$10.45
06/03/2022,$10.45,936,$10.5001,$10.5001,$10.45
06/02/2022,$10.00,32831,$9.80,$10.00,$9.30
06/01/2022,$10.05,N/A,$10.05,$10.05,$10.05
05/31/2022,$10.05,18328,$10.50,$10.70,$9.75
05/27/2022,$10.00,15547,$10.30,$11.37,$9.99
05/26/2022,$10.50,401,$11.31,$11.31,$10.18
05/25/2022,$10.25,3159,$10.40,$10.50,$10.20
05/24/2022,$10.99,176,$10.99,$10.99,$10.99
05/23/2022,$11.00,35139,$11.32,$11.39,$9.75
05/20/2022,$12.00,23605,$10.99,$12.00,$10.96
05/19/2022,$11.37,11534,$12.00,$12.00,$10.67
05/18/2022,$12.38,1898,$12.82,$12.83,$12.01
05/17/2022,$11.59,8126,$10.20,$12.94,$10.20
05/16/2022,$9.66,N/A,$9.66,$9.66,$9.66
05/13/2022,$9.66,1532,$8.83,$9.71,$8.83
05/12/2022,$8.83,8257,$8.76,$9.2282,$8.76
05/11/2022,$8.70,425,$8.70,$8.70,$8.70
05/10/2022,$8.70,11584,$8.65,$8.8506,$8.55
05/09/2022,$8.51,15381,$9.00,$9.2484,$8.50
05/06/2022,$9.00,1584,$9.00,$9.00,$9.00
05/05/2022,$9.20,16266,$10.70,$10.70,$9.10
05/04/2022,$9.77,2168,$9.78,$9.78,$9.77
05/03/2022,$8.85,19691,$9.04,$9.29,$8.74
05/02/2022,$8.925,25493,$10.8501,$11.03,$8.84
04/29/2022,$10.5737,2301,$11.2346,$11.413,$10.54
04/28/2022,$11.4902,N/A,$11.4902,$11.4902,$11.4902
04/27/2022,$11.4902,402,$11.4902,$11.4902,$11.4902
04/26/2022,$10.51,N/A,$10.51,$10.51,$10.51
04/25/2022,$10.51,1938,$10.50,$10.51,$10.50
04/22/2022,$10.315,6319,$11.00,$11.17,$10.01
04/21/2022,$10.84,1235,$12.00,$12.00,$10.84
04/20/2022,$12.55,N/A,$12.55,$12.55,$12.55
04/19/2022,$12.55,774,$12.50,$12.55,$12.50
04/18/2022,$12.50,1828,$12.90,$12.90,$12.50
04/14/2022,$12.65,N/A,$12.65,$12.65,$12.65
04/13/2022,$12.65,N/A,$12.65,$12.65,$12.65
04/12/2022,$12.65,305,$12.65,$12.65,$12.65
04/11/2022,$12.60,N/A,$12.60,$12.60,$12.60
04/08/2022,$12.60,412,$12.60,$12.60,$12.60
04/07/2022,$13.29,299,$13.29,$13.29,$13.29
04/06/2022,$13.30,643,$13.30,$13.30,$13.30
04/05/2022,$13.30,1292,$13.42,$13.42,$13.30
04/04/2022,$13.50,563,$13.337,$13.50,$13.337
04/01/2022,$13.30,N/A,$13.30,$13.30,$13.30
03/31/2022,$13.30,N/A,$13.30,$13.30,$13.30
03/30/2022,$13.30,439,$13.90,$13.90,$13.30
03/29/2022,$13.20,19678,$13.50,$13.63,$11.96
03/28/2022,$13.50,341,$13.50,$13.50,$13.50
03/25/2022,$13.87,3576,$13.10,$13.90,$13.10
03/24/2022,$12.99,N/A,$12.99,$12.99,$12.99
03/23/2022,$12.99,1760,$12.70,$12.99,$12.19
03/22/2022,$12.57,5342,$13.70,$13.71,$12.33
03/21/2022,$13.70,10138,$13.70,$13.75,$13.69
03/18/2022,$13.70,2706,$13.6464,$13.70,$13.6464
03/17/2022,$13.05,793,$12.75,$13.05,$12.75
03/16/2022,$12.72,10077,$13.05,$13.25,$12.72
03/15/2022,$13.1215,2839,$14.00,$14.00,$13.05
03/14/2022,$13.50,2361,$14.0099,$14.0099,$13.50
03/11/2022,$14.41,509,$14.47,$14.47,$14.41
03/10/2022,$13.55,N/A,$13.55,$13.55,$13.55
03/09/2022,$13.55,N/A,$13.55,$13.55,$13.55
03/08/2022,$13.55,N/A,$13.55,$13.55,$13.55
03/07/2022,$13.55,7816,$14.05,$14.05,$13.55
03/04/2022,$14.05,3688,$14.05,$14.05,$14.00
03/03/2022,$14.05,7330,$13.99,$14.05,$13.99
03/02/2022,$14.04,3305,$13.85,$14.04,$13.7844
03/01/2022,$14.07,7149,$13.85,$14.07,$13.85
02/28/2022,$14.00,N/A,$14.00,$14.00,$14.00
02/25/2022,$14.00,1554,$14.05,$14.05,$14.00
02/24/2022,$13.9813,2083,$13.8671,$13.9813,$13.85
02/23/2022,$14.00,10501,$14.05,$14.05,$13.55
02/22/2022,$14.12,2558,$14.325,$14.325,$14.00
02/18/2022,$14.15,12348,$14.30,$14.50,$14.125
02/17/2022,$14.00,10322,$14.05,$14.11,$14.00
02/16/2022,$14.10,12080,$14.20,$14.20,$14.00
02/15/2022,$14.14,10386,$14.15,$14.15,$14.02
02/14/2022,$14.03,28614,$14.15,$14.15,$14.00
02/11/2022,$14.21,18270,$14.00,$14.30,$14.00
02/10/2022,$14.01,24958,$14.00,$14.0418,$13.9935
02/09/2022,$13.9653,52619,$14.08,$14.08,$13.70
02/08/2022,$14.00,5876,$14.00,$14.09,$14.00
02/07/2022,$14.00,56711,$14.00,$14.02,$13.30
02/04/2022,$14.00,264148,$14.00,$15.40,$13.45
